date,time,glucose,type,comments
2014-10-01,10:15,5.8,AB,
2014-10-01,12:05,5.4,BL,
2014-10-01,14:24,5.3,AL,
2014-10-01,19:35,5,BD,
2014-10-01,22:15,5.7,AD,
2014-10-02,08:15,5.4,BB,
2014-10-02,10:55,5.1,AB,
2014-10-02,12:10,4.4,BL,
2014-10-02,14:26,5.1,AL,
2014-10-02,18:30,5.4,BD,
2014-10-02,20:35,5.8,AD,
2014-10-03,08:40,5.1,BB,
2014-10-03,11:00,5.1,AB,
2014-10-03,12:20,5.4,BL,
2014-10-03,14:30,5.1,AL,
2014-10-03,19:15,5.7,BD,
2014-10-03,21:30,5.4,AD,
2014-10-04,08:10,5.2,BB,
2014-10-04,11:30,5.2,AB,
2014-10-04,12:06,4.5,BL,
2014-10-04,14:15,6.5,AL,
2014-10-04,19:45,5.4,BD,
2014-10-04,21:48,5.3,AD,
