start_date,start_time,end_date,end_time,type,description
2014-10-01,11:14,2014-10-01,11:50,sport,"table tennis"
2014-10-01,12:40,2014-10-01,13:00,sport,"table tennis"
2014-10-01,17:00,2014-10-01,17:30,sport,"table tennis"
2014-10-01,19:10,2014-10-01,21:20,stature,"Work, not moving on sofa"
2014-10-02,18:20,2014-10-02,18:50,sport,"table tennis"
2014-10-02,14:00,2014-10-02,15:00,sport,"table tennis"
2014-10-03,13:15,2014-10-03,13:50,activity,"walking in Sion"
2014-10-04,13:30,2014-10-04,14:00,sport,"table tennis"
2014-10-04,17:00,2014-10-04,17:30,sport,"tabe tennis"
